"_id"," name"," slogan"," description"," category"," default_price"
"1","Camo Onesie","Blend in to your crowd","The So Fatigues will wake you up and fit you in. This high energy camo will have you blending in to even the wildest surroundings.","Jackets"," 140"
"2","Bright Future Sunglasses","You've got to wear shades","Where you're going you might not need roads, but you definitely need some shades. Give those baby blues a rest and let the future shine bright on these timeless lenses.","Accessories"," 69"
"3","Morning Joggers","Make yourself a morning person","Whether you're a morning person or not.  Whether you're gym bound or not.  Everyone looks good in joggers.","Pants"," 40"
"4","Slacker's Slacks","Comfortable for everything, or nothing","I'll tell you how great they are after I nap for a bit.","Pants"," 65"
"5","Heir Force Ones","A sneaker dynasty","Now where da boxes where I keep mine? You should peep mine, maybe once or twice but never three times. I'm just a sneaker pro, I love Pumas and shell toes, but can't nothin compare to a fresh crispy white pearl","Kicks"," 99"
"6","Pumped Up Kicks","Faster than a just about anything","The Pumped Up serves up crisp court style with a modern look. These shoes show off tennis-whites shades and are constructed with a supple leather upper and a classic rubber cupsole.","Kicks"," 89"
"7","Blues Suede Shoes","2019 Stanley Cup Limited Edition","Touch down in the land of the Delta Blues in the middle of the pouring rain","Dress Shoes"," 120"
"8","YEasy 350","Just jumped over jumpman","These stretchy knit shoes show off asymmetrical lacing and a big sculpted rubber midsole. In a nod to adidas soccer heritage.","Kicks"," 450"
"9","Summer Shoes","A risky call in the spring or fall","Low-top panelled buffed leather and mesh sneakers. Sizing embroidered in black at round toe. Tonal lace-up closure. Pull-loop and rubberized style name at padded tongue. Padded collar. Pull-loop at heel collar. Logo embroidered in black at outer side. Tonal treaded rubber sole. Tonal stitching.","Kicks"," 59"
"10","Infinity Stone","Reality is often disappointing. That is, it was. Now, reality can be whatever I want.","The Infinity Stones are six immensely powerful stone-like objects tied to different aspects of the universe, created by the Cosmic Entities. Each of the stones possesses unique capabilities that have been enhanced and altered by various alien civilizations for millennia.","Accessories"," 5000000"
"11","Air Minis 250","Full court support","This optimized air cushion pocket reduces impact but keeps a perfect balance underfoot.","Basketball Shoes"," 49"
"12","Carolyn Slacks","Ex exercitationem illo distinctio similique voluptas in.","Nobis facere nostrum et. Sit nihil optio rem provident voluptatum eum. Provident quis labore cumque et. Ad omnis voluptatibus aut. Pariatur enim eaque. Optio blanditiis et eum est et itaque explicabo fugit sunt.","Slacks","479"
"13","Otilia Socks","Dicta perspiciatis aut facere ut id dolor.","Facere et et in. Numquam quia esse est. Rerum deserunt expedita ipsum quaerat qui. Maiores qui sit quaerat unde est laboriosam aut sit. Pariatur quae earum rerum labore. Omnis illum dolore nam odit asperiores.","Socks","894"
"14","The Shirley Pants","Aut rem eos ut et.","Molestias ea repellat. Rerum dicta et fugit distinctio atque accusamus. Quisquam qui voluptates molestiae omnis quia totam quod. Id officiis labore officiis molestias deserunt incidunt praesentium. Velit quas ab animi unde maiores culpa. Ut sed molestiae velit.","Pants","747"
"15","Richie Dress","Placeat magni nam unde eaque.","Magni nihil voluptatem consequatur voluptas dolorum sit architecto. Rem a eum ducimus. Maxime vel corporis magnam laboriosam necessitatibus et dignissimos.","Dress","835"
"16","Madge Heels","Eum nam molestiae ipsa voluptatum quos.","Autem commodi suscipit dolores. Illum saepe sequi. Corrupti labore incidunt consequatur sunt velit quibusdam quaerat laudantium tempore. Placeat et ut quod maxime magnam maxime nulla. Non est culpa aperiam deserunt et libero ut aut velit. Et voluptatibus fugit earum.","Heels","599"
"17","The Domenica Shorts","Maxime cum dolorem accusantium labore.","Optio blanditiis nulla exercitationem earum. Id voluptatem perspiciatis et. Quia fugit nihil perferendis voluptatem impedit aut voluptas.","Shorts","257"
"18","Marge Skirt","Molestiae amet sed doloribus dolorem.","Quis in maxime quae hic aut deleniti et consectetur adipisci. Maxime repellat enim adipisci tempore. Culpa suscipit et commodi quis reiciendis minus dolor ut.","Skirt","64"
"19","Josiane Romper","Ex quis aut.","Aut iste earum quas ut quis dolorem laborum nobis quos. Iure nihil ullam corporis. Eligendi nemo quod et facilis. Consequuntur consectetur nihil ipsa sed aperiam. Voluptate natus aut. Molestiae sit debitis quia voluptatibus saepe doloremque aperiam.","Romper","767"
"20","Simone Pants","Doloremque nisi provident nihil sit dicta quia.","Recusandae aut dolorum quaerat dolores error quo facilis aliquid. Autem dicta dolorem amet impedit. Dolores repellat autem vel sed nihil. Temporibus voluptatem officia pariatur et occaecati sed accusantium aperiam. Quas sequi voluptate omnis non voluptates quam nulla iste est.","Pants","99"
"21","Darron Jacket","Sed enim dolore aspernatur est aperiam.","Voluptate cumque doloremque cumque exercitationem sequi et unde. Distinctio ipsam possimus ratione tempora aut sint tempora quia. Ea eveniet et deserunt debitis perferendis aperiam aperiam sunt laudantium.","Jacket","977"
"22","Bailee Cap","Rerum nostrum excepturi expedita est qui neque nobis quas.","Excepturi repellat facilis aut et. Harum perspiciatis veritatis voluptas autem sed est. Neque eos dolores vel est rerum perspiciatis. Atque dicta error consequatur quibusdam non qui soluta quia. Laudantium consectetur fugiat quia architecto nulla sit consequuntur. Exercitationem alias quis voluptas molestiae.","Cap","677"
"23","Cathryn Coat","Omnis alias quae et fugit quam.","In iste praesentium provident tenetur omnis quibusdam. Error ducimus ipsum dolorem laudantium commodi consequatur sequi. Similique id laboriosam perspiciatis et excepturi perspiciatis earum est minima. Doloremque reprehenderit aut nam nemo sit. Odit aliquam repudiandae eius. Molestiae alias quas ex similique.","Coat","480"
"24","Coy Suit","Et eaque quos.","Iste magni vero qui qui illo expedita sunt voluptatem dicta. Qui ea et aut nihil rem aperiam. Non distinctio iste nostrum quasi et labore odio. Dolorum aspernatur labore voluptatum.","Suit","175"
"25","Orrin Backpack","Et quas porro id sed eveniet nam.","Sunt quaerat consectetur dolorum. Fugiat numquam nemo porro sint rem aperiam nam. Inventore dolores voluptatem at aut. Mollitia aut illo est qui.","Backpack","109"
"26","Audreanne Backpack","Pariatur amet quo quos deserunt veritatis unde et.","Ab placeat perferendis. Est sed quia maiores deleniti impedit earum doloribus. Non quibusdam rem voluptatem neque voluptatem quia velit totam ab. Officiis aspernatur odio. Quo autem unde debitis est laborum et minus deserunt.","Backpack","447"
"27","Beulah Suit","Earum necessitatibus doloribus eum velit libero expedita aut nihil.","Quos omnis sed voluptatem consectetur architecto doloribus delectus. Autem explicabo inventore fuga beatae. Cumque voluptatem quo iste doloribus. Et sit assumenda sunt culpa optio voluptas ipsum et. Blanditiis atque sequi sequi unde rerum.","Suit","839"
"28","Mafalda 1000 Shorts","Sunt voluptas sed ex repellendus laboriosam eligendi.","Consequuntur provident omnis autem consequatur aspernatur. A tempora ipsa aperiam. Molestias facilis aperiam aut ut.","Shorts","867"
"29","Jennie Jacket","At excepturi sed ut dicta.","Dolor aut qui cupiditate dicta iure id voluptatem qui porro. Vel explicabo ducimus alias. Aut sed a velit nobis quos dolore ipsum veritatis.","Jacket","71"
"30","Robbie Cap","Et cupiditate tempore fugiat natus placeat commodi voluptate velit.","Laborum minima et adipisci fuga eligendi est pariatur perferendis. Sit numquam id itaque sequi minus et aperiam sed ut. Accusantium minima aut corporis. Et temporibus nulla. Qui eos doloribus est quas quod.","Cap","168"
"31","Quentin Slacks","Esse eos quo saepe quod.","Possimus et doloremque. Accusantium et qui adipisci omnis facere maxime. Impedit ea quae eius. Quas voluptatem alias est magni. Incidunt est molestiae sed est.","Slacks","543"
"32","Juston Cap","Laudantium et eos vero dolorum optio.","Alias aut quia. Sunt non libero quia provident perferendis quam officiis similique sint. Quibusdam omnis reiciendis pariatur dolores. Qui iure quibusdam doloremque harum cumque dignissimos aut dolores.","Cap","283"
"33","Christiana Tank Top","Fugit modi odio.","Sit unde sunt. Est qui est dolores eos. Ratione sunt sit modi. Autem eligendi tenetur ut fugit consequatur minima quis. Minima ad qui est reprehenderit omnis ratione laboriosam voluptate quaerat. Similique velit voluptas velit at quia est.","Tank Top","675"
"34","Clare 1700 Jacket","Quidem assumenda dolores.","Ipsum animi numquam numquam pariatur ullam rerum illum ut ea. Occaecati quia nostrum temporibus maxime quisquam repellendus maiores dolorem. Id quidem optio. Possimus fugiat illo voluptas labore et exercitationem aliquam harum. Sapiente saepe voluptatum in atque animi tempora. Aspernatur ipsum nemo eum illum aspernatur nihil.","Jacket","523"
"35","Valentina Slacks","Modi dicta dolorem alias.","Blanditiis et blanditiis. Soluta autem repudiandae. Eaque et deleniti animi mollitia. Eum fugiat ut. In possimus cupiditate dolor voluptate consequatur soluta pariatur. Consequuntur consequuntur est dolores nemo.","Slacks","761"
"36","Kendra Trousers","Inventore laudantium rerum.","Enim ratione voluptatem laudantium et nostrum voluptatibus illum in at. Vitae ex rem sequi libero provident saepe deserunt blanditiis. Beatae perspiciatis corporis dolorem sit.","Trousers","45"
"37","Alicia Slacks","Est accusantium consequatur quia et.","Quibusdam ut est exercitationem quibusdam hic aut impedit. Cumque aspernatur voluptas dolorem est et enim. Quod ipsa mollitia qui eius. Hic reprehenderit temporibus placeat animi. Unde temporibus eum.","Slacks","687"
"38","Cornell Slacks","Voluptas labore debitis a natus earum quo ut odio corrupti.","Et dolorem voluptatum. A sit at. Numquam in animi. Amet fugit voluptatem molestiae iure dolores fugiat et quo qui.","Slacks","303"
"39","Shemar Dress","Illum distinctio ad quis esse.","Minus ea deserunt consequuntur doloribus consequatur. Qui qui placeat distinctio. Dolorem repudiandae perferendis quidem ad maxime sit aut ut. Vel saepe provident praesentium. Et minus iste quisquam saepe omnis. Est sit sint et eaque.","Dress","328"
"40","The Austen Backpack","Consequatur velit tempora eligendi ut.","Vitae repellendus odio amet aut incidunt omnis. Expedita omnis dolorem non omnis quibusdam maiores nulla aperiam. Sed perspiciatis accusamus. Ut aut maxime ipsum eligendi qui saepe mollitia. Dolores quia eos quo impedit consequatur minus id.","Backpack","311"
"41","Mireille Romper","Itaque minus consequatur accusantium facere vitae est atque aut.","Nostrum hic recusandae similique vero totam quia fugiat. Illum ut sint nulla et. Expedita voluptatum iste hic. Quod voluptatem qui nihil. Ea voluptatem autem earum amet asperiores. Optio aut eveniet.","Romper","903"
"42","Maximillian Shirt","Doloremque et sed.","Sit ducimus nisi aut molestiae earum quia delectus earum et. Amet odio vero et et et ducimus rerum. Facere sit est ipsum beatae cupiditate in cum consequatur sint. Totam pariatur excepturi. Dolorem beatae aut suscipit error.","Shirt","531"
"43","Henry Romper","Sunt et excepturi et quam pariatur nulla rem.","Iusto assumenda molestias nihil labore qui ut voluptatem facere. Neque blanditiis atque vitae sed voluptates nesciunt quia delectus. Mollitia consectetur ut deleniti aperiam repudiandae dolor. Debitis velit autem laboriosam quos. Dolorem voluptate quia dicta tempore quisquam. Explicabo esse illum suscipit eius beatae voluptatem omnis blanditiis eos.","Romper","931"
"44","Lucile Socks","Sit rerum ut labore vitae temporibus illum.","Itaque provident reprehenderit quod impedit accusantium consequatur ex. Nisi quidem velit ullam reprehenderit. Pariatur sequi et consequuntur earum unde in magni ducimus est. Ea consequuntur voluptatum sit. Enim aspernatur omnis enim quia a non.","Socks","157"
"45","Columbus 600 Pants","Voluptas itaque nostrum libero sunt adipisci.","Vero repellendus minima sed. Provident maxime voluptatibus. Impedit commodi qui tenetur sint ea et quod. Repudiandae non ut. Nobis placeat rerum et. Est corporis non.","Pants","311"
"46","Deonte Hat","Placeat in facere modi labore ut facilis ratione ut fuga.","Quo in laudantium et soluta et ullam. Facere qui et ipsum ad delectus. Earum blanditiis accusantium. Sapiente debitis dolorem aut culpa veritatis laudantium. Totam fugit voluptas illo et exercitationem aut quae. Laborum adipisci saepe voluptatem ipsa.","Hat","272"
"47","Candice Backpack","Rerum tenetur sit quas perferendis.","Nulla vitae eum porro iste incidunt in impedit. Maiores numquam consequuntur sequi. Et illo porro. Eius dolor qui voluptatem sed aut et provident. Nulla ducimus assumenda repudiandae dolorum nam ea qui saepe.","Backpack","483"
"48","Ford Hoodie","Reprehenderit et et in.","Perspiciatis est reprehenderit molestiae optio quia laudantium quia aliquid odio. Non explicabo sed voluptatibus ut aspernatur aut. Inventore labore voluptas ad illum est sint excepturi rerum neque.","Hoodie","331"
"49","Deborah Sunglasses","Nesciunt quos perferendis aut velit praesentium modi.","Omnis sint sed est id voluptatem quod aut molestias minus. Possimus et similique ut provident nam atque. Cupiditate est quia nulla fugiat atque inventore temporibus id ad.","Sunglasses","773"
"50","Jerrold 600 Shirt","Ipsa ad dolorem consequatur.","Commodi reprehenderit omnis natus porro. Amet dolore et quaerat harum iusto ut voluptate. Et eaque quibusdam quia animi dolorem porro et. Tempore sit est doloribus velit sit ullam labore adipisci fuga. Ea et quasi consequatur sint autem eius. Sint ut dolorem eaque.","Shirt","358"
"51","Caroline Coat","Quo tenetur quibusdam.","Autem doloribus repellat similique et. Quia eligendi molestiae aut possimus qui et impedit facere. Voluptates amet quia autem consectetur dicta eaque animi. Quia sed minima ut exercitationem atque recusandae id. Laudantium quisquam soluta quia eos ut nobis exercitationem architecto.","Coat","387"
"52","Euna Suit","Nihil consequatur quia et amet doloribus.","Quia ea beatae occaecati architecto. A sed accusamus voluptas quasi blanditiis dolor placeat. Corporis occaecati vel molestiae aut vel voluptatem accusamus. Itaque et qui.","Suit","187"
"53","Lucious Backpack","Sunt nisi quia libero eligendi blanditiis nihil qui amet.","Unde consequatur inventore. Provident rem rem magnam et nobis labore qui veniam. Quia suscipit dolor sunt.","Backpack","226"
"54","Kameron 900 Dress","Enim magnam necessitatibus aut alias.","Quas ut veritatis recusandae nihil illo qui consequatur non at. Expedita at facere. Numquam omnis assumenda in quis. Consequuntur officiis expedita autem autem aut quis blanditiis omnis quia. Fuga adipisci quos omnis ut.","Dress","40"
"55","Candice Shorts","Quis magni praesentium quis tenetur neque.","Voluptate tempore tempore qui perspiciatis assumenda. Quia animi magni aliquid repellat qui. Placeat est aut quasi natus quia et praesentium iure tempora. Deserunt voluptatum accusantium non placeat consequatur est vel repellat consequatur. Amet optio minus et.","Shorts","599"
"56","Howell Socks","Voluptatum accusantium eaque eos delectus est odio quia modi omnis.","Ut sapiente accusantium ut nihil ratione eos accusamus occaecati nihil. Aspernatur dolorum nesciunt fugiat quae cupiditate id veritatis sequi sunt. Reiciendis soluta exercitationem suscipit cupiditate. Tempora sunt voluptatum atque voluptatem nulla modi et.","Socks","36"
"57","The Piper Sweater","Illo est ducimus sit delectus enim ea expedita.","Et in quas aperiam. Aut quas ex nostrum libero voluptatem. Voluptate quis molestiae sit ut eaque autem qui labore perspiciatis.","Sweater","37"
"58","The Junius Backpack","Sunt adipisci id rerum ab rerum voluptate est.","Atque aut et minima placeat in cumque quam. Ullam ullam eos ut incidunt. Temporibus tenetur magnam iusto aut et molestias. Qui molestiae totam vero iusto. Et dolor voluptatem vero.","Backpack","320"
"59","Sammie Heels","Rerum earum suscipit mollitia et ipsa hic.","Et quod corporis quasi dolore minima. Sequi qui sed excepturi tempora eaque voluptates. Eaque ducimus alias blanditiis ipsum eligendi quia ad. Est deserunt et in ut in iste. Aspernatur libero facilis temporibus qui.","Heels","225"
"60","Jayme Sweatpants","Ipsum qui mollitia et.","Rerum fuga delectus dolorem fugit dolores ducimus iure sapiente qui. Vitae fuga suscipit delectus et. Est ipsum in. Et iste itaque consequatur adipisci. Quia in eum aut accusamus porro.","Sweatpants","976"
"61","Kaela Coat","Nulla ipsa ut harum quas placeat.","Non impedit enim eaque dolore sunt sunt placeat. Deleniti autem eveniet laboriosam modi assumenda eos dolorem rerum sunt. Officiis fugiat eum possimus sit nihil possimus nemo nulla. Ducimus cupiditate ducimus in voluptatem maxime fuga. Quia nihil et ipsa et nihil voluptates iure et explicabo.","Coat","410"
"62","Elvie Shorts","Vel impedit qui dolore sunt incidunt veniam reiciendis.","Rem minima vel dolorum accusantium. Aut et deserunt assumenda nam. Perferendis sunt magni laboriosam modi animi incidunt possimus similique. Et consequatur culpa est dolorem aut ullam accusantium qui.","Shorts","151"
"63","Jaylon Pants","Autem voluptates praesentium magni possimus.","Maxime autem optio. Iusto quas et est consectetur voluptas. Placeat in nihil. Quae voluptatem ullam et magnam quo nesciunt quis harum. Nostrum architecto a. Enim doloremque velit nobis voluptas consequatur aut natus molestiae amet.","Pants","206"
"64","The Aiyana Cap","Repellendus aliquam nostrum.","Debitis voluptatem consequuntur accusantium praesentium explicabo rerum beatae numquam repellat. Sed iure nostrum enim cupiditate consequatur. Culpa assumenda vel repudiandae quia.","Cap","10"
"65","Mustafa Heels","Vero quo aut delectus reiciendis quia nihil.","Voluptatum praesentium cupiditate aut inventore debitis officiis placeat consequatur aliquam. Sit quos ut sequi soluta maxime minima. Distinctio repellendus voluptas id commodi quis dolor. Maiores maxime repudiandae maiores adipisci odit tempore. Quos voluptas quia debitis veniam est eos voluptatem.","Heels","126"
"66","Aurelio Heels","Est quia cupiditate quia excepturi quia et iste.","Quos minima culpa est quia suscipit soluta totam. Doloremque quas aut. Quidem est exercitationem. Laboriosam odit voluptatem quis voluptatum voluptas nam minus molestiae. Ex soluta placeat. Eaque necessitatibus perspiciatis dolor.","Heels","730"
"67","Vida Sweatpants","Autem qui atque.","Ut non unde tenetur ullam perspiciatis sapiente et. Ut deserunt dolorum. Cum eos aut nostrum architecto. Reiciendis debitis omnis. Molestiae eaque quia blanditiis exercitationem suscipit soluta sed nostrum.","Sweatpants","50"
"68","The Misael Socks","Sit ab dolores odio ipsam.","Velit corporis minima. Fugiat libero numquam qui earum libero excepturi qui sunt. Consectetur quibusdam iure porro tempore iste quisquam autem sed. Quia beatae adipisci minima sit consectetur soluta tenetur possimus aliquam. Eius aut amet inventore quia iusto rem minus blanditiis. Consequuntur quibusdam similique saepe quas et atque.","Socks","841"
"69","The Buford Heels","Ratione est vero id aut quis aliquid.","Praesentium illum aliquid ipsa et. Ipsam praesentium minima ab qui est qui consequatur maxime nihil. Unde inventore delectus et et explicabo qui pariatur blanditiis sequi. Sint animi earum numquam recusandae et. Vero nisi blanditiis provident dolorem labore.","Heels","70"
"70","Louisa Socks","Non reprehenderit laborum id et amet aspernatur et libero quisquam.","Molestiae sequi placeat magni non. Voluptas labore autem fuga adipisci ea. Quo pariatur qui odit aperiam enim dolor quia aut aut. Molestias ut dolorum.","Socks","745"
"71","Elnora Romper","Et veritatis et.","Alias fugit earum quaerat nulla officiis ut. Distinctio pariatur expedita sint quaerat omnis ad ab libero nostrum. Vel iure placeat quia ex molestiae qui reiciendis a. Ut et et aut in blanditiis voluptatibus.","Romper","68"
"72","Deangelo Jacket","Vero quod cum et minima quibusdam ducimus et.","Quibusdam officiis consequatur magni. Animi assumenda ratione. Quam debitis pariatur vero. Est qui magni sapiente et deleniti. Fuga molestiae repellendus ut et tempora eaque quia.","Jacket","941"
"73","Arvid Sunglasses","Et quia a sint aut dignissimos iusto magnam provident occaecati.","Consequatur voluptatibus consequatur eaque quod unde voluptatem consequatur earum. Et dolor consequuntur et vitae consequatur natus impedit inventore. Omnis maxime suscipit et ut at.","Sunglasses","480"
"74","Kaley Tank Top","Id rerum culpa incidunt quibusdam.","Unde quia nesciunt ullam neque. Corrupti nihil id eos expedita architecto. Ut iusto est beatae sunt dolor. Sit quos quaerat sint minima.","Tank Top","258"
"75","Carli Shirt","At sapiente quia est id.","Assumenda nam quia et asperiores tenetur et ipsa vel ut. Amet amet nobis nesciunt quo. Suscipit nostrum laudantium consequatur officiis et commodi. Ut velit est molestiae aut corrupti quae. Deserunt veritatis minima aliquam optio vel qui aliquam assumenda sapiente. Id modi odit facere iste voluptatem et et.","Shirt","707"
"76","Haskell Shirt","Sed error eligendi voluptatem qui sequi aperiam a et.","Iste rerum nihil enim. Dolores est ea impedit qui eaque et numquam quae. Unde possimus eveniet architecto omnis facere dolores maiores magni incidunt. Molestias et et minus ex. Quasi fugiat velit qui deserunt aut nam cumque assumenda sit.","Shirt","927"
"77","Murphy Sweater","Aspernatur beatae dicta tempore aut aut ex.","Explicabo aut sapiente veritatis id dolorem commodi doloribus dolores. Cupiditate ullam praesentium aut et est est. Explicabo labore eum nostrum accusantium.","Sweater","11"
"78","Drew 1000 Jacket","Illo nemo optio quis.","Sit natus et accusantium eaque. Eum id sunt aut officiis magnam dolor ex nisi. Consectetur non facilis minus ullam delectus dolor doloremque aut. Vel laudantium fuga excepturi doloremque. Ducimus maxime veniam voluptatum et commodi assumenda voluptates aliquam.","Jacket","230"
"79","Carey Shoes","Repellat qui et.","Eum est eius omnis tenetur optio officiis. Harum exercitationem dolores tenetur nihil voluptas dolorem est. Et voluptates quod iure qui error commodi. Occaecati et delectus ut aspernatur.","Shoes","906"
"80","Angelita Shoes","Odit quis qui.","Et autem architecto. Non consequatur ut. Velit tempora ipsa qui optio iste suscipit reiciendis. Deserunt aliquam sit occaecati eveniet libero voluptas illum. Illo quibusdam repellendus aut odit qui iste ea non. Vero maxime est eum dolores tempora est.","Shoes","814"
"81","Donny Hoodie","Iste quis cum ducimus est ipsum doloremque.","Neque a rem culpa aut cupiditate quos dolorem ut delectus. Et molestiae assumenda aut. Quia ullam labore totam. Praesentium et et consectetur sed odit omnis fugit minus.","Hoodie","282"
"82","Jackie Pants","Asperiores similique temporibus laborum fugit.","Qui at ratione quasi illum dolor. Beatae ut aut totam quia soluta amet animi. Sequi unde sed corrupti sequi nam nesciunt nesciunt. Quibusdam reiciendis ut expedita totam hic soluta ut dolorem.","Pants","882"
"83","Ryan Skirt","Aut eos debitis aut similique et omnis repellendus soluta quo.","Consequuntur eum incidunt et eos amet. Nemo vel cupiditate repellendus ipsam et neque rerum. Laborum non quis dolorem labore impedit laborum maiores quis.","Skirt","672"
"84","Myra Pants","Facere quasi dignissimos.","Sint necessitatibus ducimus laborum. Voluptates est aliquam omnis molestias at. Atque et saepe. Quis ipsam nam velit sed reiciendis.","Pants","815"
"85","Lilyan Cap","Eaque libero et est maiores praesentium id consequatur sequi.","Dolores voluptatem vel vitae. In nulla laudantium minima sint dignissimos veniam. Officiis aut commodi libero corrupti nesciunt et vitae dolorum qui. Sunt magnam odit ut nostrum ratione tempora odit. Iste odio magni est quos voluptatum molestiae voluptatem porro.","Cap","358"
"86","Hillary Heels","Est sit optio rem voluptas.","Commodi vel occaecati quis explicabo. Cum aut nostrum qui numquam odit. Nesciunt dolor ipsum molestiae quia reiciendis velit maxime. Aut consequuntur repudiandae aut.","Heels","288"
"87","Zena Jacket","Voluptas sapiente nihil est placeat consequatur consequatur nihil ut.","Maxime sed omnis eum iste. Blanditiis at id reiciendis voluptatem iure animi et ut. Qui animi fugiat cumque porro facere.","Jacket","202"
"88","Estrella Jacket","Reiciendis voluptate rerum labore ea perspiciatis facere numquam.","Voluptas et veritatis. Repellat laboriosam autem magni beatae voluptatem qui corporis quis. Occaecati in et aspernatur consequatur maxime magni aut reiciendis. Dolorem harum aperiam laboriosam sunt. Fugit consequatur aut tenetur similique doloremque deserunt suscipit dignissimos tempora. Et non suscipit doloribus commodi eaque omnis.","Jacket","310"
"89","Dean Slacks","Ullam sed aliquid quas praesentium maxime cum fuga.","Magni nemo id velit distinctio quis nemo omnis temporibus expedita. Ratione incidunt mollitia ut. Cumque quo perferendis. Blanditiis necessitatibus qui. Dolores voluptatem delectus vero eum fugiat sed modi. Omnis quae laboriosam ad error.","Slacks","331"
"90","Leonor Shorts","Ipsam et consectetur hic.","Aut iste excepturi amet temporibus quis est. Sunt ut consequuntur. Corporis eum voluptas similique est sit et. Debitis velit nemo molestiae explicabo vero possimus eaque.","Shorts","337"
"91","Cleveland Socks","Nulla occaecati dolores nisi delectus iusto numquam consequatur enim.","Tenetur beatae saepe quis. Maxime voluptas assumenda nulla sequi quis. Quidem iusto et esse non ducimus. Ex quidem ut enim sed nihil.","Socks","879"
"92","Boyd Sunglasses","Et est minima.","Veritatis ut velit eos. Quasi est est. Sed tempore asperiores dicta sunt voluptatem perferendis et. Fugit laborum sequi harum dolor laboriosam voluptas eum doloremque sunt. Delectus similique similique.","Sunglasses","925"
"93","Daron Cap","Veniam consequatur quos maxime eaque impedit doloribus.","Omnis tenetur repudiandae aut ducimus neque molestiae quis ex. Dolorem iste iusto et rerum ullam ex reprehenderit tempora. Non cupiditate facere eius. Dignissimos culpa dolorem earum eligendi non et. Sed repellendus recusandae dolorem non eveniet maxime distinctio. Et dolore asperiores ipsa voluptatum ut minima rerum.","Cap","364"
"94","Brett Jacket","Voluptas et ea.","Non eum corrupti voluptas nesciunt facere totam eos quo architecto. Quod officia laborum officiis placeat iusto qui nisi ut. Voluptas ut sunt accusantium. Facilis sint aperiam voluptatem iste ea voluptatem aut adipisci.","Jacket","566"
"95","Dorothy Suit","Eligendi nulla aut animi voluptas.","Odit voluptatem facilis maxime modi non quas veritatis. Sint dolorem deleniti ipsum sequi veritatis aliquid culpa excepturi. Laudantium autem id tenetur aut.","Suit","330"
"96","Dedrick Dress","In error possimus ipsum aspernatur ut eveniet voluptate.","Eos tempora temporibus ipsam rerum et perferendis ipsa. Error hic velit. Quaerat sed adipisci alias debitis ut aliquid et possimus. Dicta quibusdam repellendus ipsum autem ratione perspiciatis.","Dress","128"
"97","Sandra Heels","Eveniet voluptatibus cum omnis.","Ex autem temporibus fugiat atque quia quo repellendus. Officiis commodi cupiditate est. Neque nihil voluptatem sed. Impedit nulla officiis voluptatem. Commodi sed tempora rerum delectus.","Heels","663"
"98","Hosea Socks","Eveniet magni distinctio.","Ipsa rerum dolore est sequi fugit eius accusantium est. Quibusdam aliquam quos reiciendis harum possimus. Harum nesciunt eos accusamus eveniet quisquam.","Socks","622"
"99","Melody Pants","Minus illum quod aut dolores aut.","Est ad consequuntur ratione quae rerum delectus et dolorem. Debitis ut explicabo. Dignissimos vitae aperiam nihil eveniet et vel aut.","Pants","672"
"100","Marilou 1300 Jacket","Ut ad et est.","Et minus adipisci voluptates. Ut suscipit magnam. Eligendi est magnam temporibus excepturi sunt in ad. Vitae omnis odio facilis adipisci. Ex autem quos.","Jacket","581"
"101","Kelvin Backpack","Temporibus commodi nobis autem enim sed.","Aut est suscipit provident commodi porro. Et quo iure in dicta architecto quis ad. Incidunt qui facilis.","Backpack","104"
"102","Julie Suit","Velit qui ipsa.","Exercitationem provident aliquid quibusdam officiis voluptate nobis quaerat quos aut. Atque qui natus aut facilis laborum vero harum tempore. Eum voluptates id dolorum.","Suit","286"
"103","Marques Coat","Quibusdam quo suscipit sint dolor fuga a.","In minima voluptas et dolorum earum deserunt amet esse suscipit. Aut maxime ipsum necessitatibus dolores est impedit non. Amet qui occaecati. Soluta aut deserunt esse ducimus ut fugiat est qui unde.","Coat","717"
"104","Gail Slacks","Aut consequatur illum nihil.","Suscipit quae iusto cupiditate. Iusto fuga numquam voluptas. Deserunt quos ut qui. Labore nisi sint inventore et sed natus quo vel exercitationem.","Slacks","355"
"105","Jevon Shorts","Est earum sunt rerum voluptates rem magnam est molestiae.","Dolores ut ipsa. Qui ut eius culpa inventore dicta sapiente ea quibusdam similique. Et molestiae voluptatem non quia accusantium necessitatibus hic. Facilis rerum inventore tempora earum vel quis doloremque et. Dolores voluptatem omnis corporis amet accusamus qui totam cupiditate.","Shorts","818"
"106","Carolyne 750 Romper","Cum minus voluptate exercitationem ut ut quis.","Eligendi quae sed minus ea dolorum. Repellat expedita exercitationem non eius nulla voluptates commodi doloribus et. Beatae reprehenderit sed recusandae voluptatem nam ipsum qui voluptas omnis. Molestiae vel ab cupiditate et animi voluptatem et. Et et maxime sint aliquam est quia beatae. Ea non vitae natus est modi.","Romper","737"
"107","Braxton Trousers","Illum at minima impedit enim adipisci error.","In dolores dolor at explicabo et harum. Dicta dolor hic quae non praesentium aut eos dolorum corporis. Ducimus dolor mollitia quis incidunt eaque hic labore dolore. Quibusdam et esse eveniet.","Trousers","505"
"108","Vaughn Pants","Et aut sunt.","Nam incidunt deleniti. Nobis facilis enim et. Quaerat vitae qui saepe esse. Eos quisquam consequatur. Quaerat nemo quod rerum quae unde nihil qui. Occaecati reprehenderit eveniet exercitationem magnam quos.","Pants","564"
"109","The Keegan Shirt","Sit odio adipisci est porro dolor aut doloremque laudantium ducimus.","Corporis distinctio alias iusto autem perferendis. Quia nihil est sed a sunt. Ipsam similique quia eum modi repellat ut unde. Omnis culpa occaecati minima consequuntur.","Shirt","334"
"110","The Carolyn Tank Top","Adipisci sed sit quo qui ratione optio.","Repudiandae libero veniam quia ipsum iste incidunt laboriosam consequatur accusamus. Facilis iusto nam porro qui natus consequatur aut velit aperiam. Itaque qui recusandae officia amet voluptatem labore doloribus sed. Aut recusandae nostrum consectetur facere sunt quam. Quidem cupiditate eaque odio quam deserunt est eos praesentium.","Tank Top","215"
"111","Gabe Socks","Quaerat sint accusamus voluptas ad dolores.","Qui voluptatem asperiores itaque quos sint ea autem. Optio laborum voluptate occaecati et consequuntur est modi. Omnis et iste rerum aut praesentium eveniet a ut provident. Quam molestiae molestias aliquam magnam dignissimos sed iste ut. Cupiditate qui officiis.","Socks","132"
"112","Ethan Socks","Molestias sunt enim rerum veniam aliquam perspiciatis.","Velit enim aut explicabo est. Sit aut ab quo ut quos dolore distinctio et consequatur. Sed rerum occaecati aut perferendis. Et aut fugit deserunt quos repudiandae aut corporis sit. Commodi perspiciatis sunt asperiores et molestiae distinctio officiis eos.","Socks","783"
"113","Jairo Sweater","Totam illo eum accusantium tempore cum qui eveniet.","Et facilis voluptas nobis similique ut et. Vero iure saepe. Architecto atque eaque est.","Sweater","504"
"114","Lelia 200 Tank Top","Aut et vero id reiciendis.","Sunt eos debitis aut ipsa. Sed et dolore magni minus earum. Dolorum rem autem est. In aut pariatur quia reiciendis qui nam tempore. Sapiente id dolor quia praesentium quia.","Tank Top","305"
"115","Henriette Jacket","Voluptates nisi voluptatem atque.","Explicabo quia autem minima est nam sed dolores. Rerum exercitationem et in saepe assumenda qui. Soluta omnis molestiae a aut excepturi possimus natus nostrum. Natus maiores dignissimos consequatur et deserunt facilis culpa.","Jacket","563"
"116","Shany Romper","Quia qui esse velit perspiciatis eveniet.","Exercitationem voluptas eius eius qui soluta necessitatibus culpa harum qui. Labore veritatis doloremque repudiandae exercitationem quo vitae non. Quibusdam eum placeat. Et doloremque voluptas cupiditate quasi.","Romper","137"
"117","Drake Backpack","Fugiat placeat rerum voluptatum et iure.","Dicta est voluptatem. Omnis aperiam minima enim quos corporis similique eius sunt. Asperiores alias architecto sunt et. Corporis debitis qui quos. Nemo quia sed dignissimos id consectetur voluptatibus cumque eligendi magni. Vitae sed ut natus.","Backpack","239"
"118","Myra Hoodie","Architecto repudiandae ratione inventore.","Iusto sunt est ipsam. Quo ea qui laudantium vero. Consequuntur harum assumenda.","Hoodie","441"
"119","Layla 650 Sweatpants","Nesciunt consectetur qui beatae omnis tenetur.","Autem ut et animi nisi commodi quo in sint numquam. Nam qui nihil aliquam eligendi. Ullam similique minima esse laboriosam dignissimos commodi. Qui possimus natus ullam necessitatibus. At omnis error nisi corporis qui. Voluptatem consequuntur voluptas libero et totam sapiente qui dolore.","Sweatpants","788"
"120","Ollie Shorts","In sed quis quas nobis alias magni.","Voluptas velit velit aut rerum facilis. Laboriosam id tempore nihil rerum aut eligendi ipsum ut ullam. Voluptatibus fuga corrupti ducimus ut earum quasi et.","Shorts","30"
"121","Antonietta Boots","Voluptas dolore corporis cupiditate omnis.","Quam nisi accusamus non magni ut culpa provident soluta accusamus. Vitae maiores libero quibusdam aut consequatur enim a. Sit dolores nostrum fugit rerum sint fugiat. Quidem autem expedita suscipit possimus rem voluptas voluptatem.","Boots","871"
"122","Savannah Dress","Inventore aliquid voluptas ut.","Et quos qui ipsa aspernatur nobis quam cumque cum aut. Natus et quia vel sit nihil natus culpa. Asperiores facilis et corporis sunt. Ad et esse aut.","Dress","60"
"123","Anabel Sunglasses","Magni sed et quam deserunt aut id consequatur.","Quo velit maiores harum necessitatibus assumenda aperiam eaque et dignissimos. Expedita et et et tempora magnam placeat quo. Aut corrupti asperiores. Quas reprehenderit eos nulla ab nam.","Sunglasses","365"
"124","Aida Socks","Itaque minus et.","Quaerat qui esse doloremque vitae saepe eligendi. Qui ratione rerum numquam nisi quo in. At nesciunt repudiandae placeat suscipit. Repudiandae qui ut. Ducimus dolores quam saepe et laboriosam quo. Atque commodi deleniti nemo ratione non impedit ducimus consequatur suscipit.","Socks","583"
"125","Clair Sweater","Fugit fugit impedit provident ab voluptatem qui odit maxime quo.","Qui sunt consequuntur non quos occaecati eos. Sapiente officiis qui qui. Velit laudantium aut voluptatem perspiciatis harum ad ut fuga.","Sweater","618"
"126","Jay Skirt","Eaque officiis molestiae quas sint.","Adipisci sed est qui et ex placeat et voluptatum voluptates. Numquam nostrum debitis amet. Aut et sequi. Nihil non quia corporis numquam itaque quidem quo optio.","Skirt","321"
"127","The Perry Romper","Quos exercitationem error qui dolorem et eum.","Eligendi sint iure quam mollitia nesciunt. Aut asperiores ipsum inventore minus debitis iusto. Eum minima odio. Optio perferendis libero maiores excepturi tenetur. Ut cumque accusantium vel. Sunt eos est explicabo magnam ut id.","Romper","833"
"128","Devante Sweatpants","Ut et voluptatum est quidem optio sunt error dolor repellendus.","Necessitatibus dolorem consequuntur deleniti voluptas et autem veniam. Similique ut dolores. Enim asperiores non dolore recusandae nulla error reiciendis libero dolor. Hic occaecati assumenda in ipsum quidem. Omnis omnis eum explicabo.","Sweatpants","537"
"129","Christa Boots","Dolore sapiente soluta velit voluptates.","Saepe voluptatem voluptatem atque libero. Eligendi ut possimus velit est est illo incidunt culpa. Esse libero nesciunt quia qui veniam reprehenderit pariatur quis. Id saepe repellendus ab fuga maiores eos. Quis laudantium quis praesentium.","Boots","659"
"130","Jammie Romper","Dolor molestiae qui omnis harum numquam dicta velit sed accusamus.","Praesentium exercitationem officiis deleniti eaque mollitia. Quia voluptas sunt quia eaque illum et aperiam. Quisquam consequatur quo et esse dolores. Laboriosam nobis id delectus aut tempora laboriosam quia dolor saepe. Odit quisquam eum iusto laborum illum.","Romper","997"
"131","Candice Slacks","Iste in possimus rem dolor non quidem.","Doloribus voluptas pariatur consectetur. Autem numquam et ab veritatis incidunt. Aut voluptas quis nemo autem ducimus non facere quia rerum. Facere eaque eum qui ipsum. Eveniet voluptas aspernatur itaque ut praesentium at inventore at. Odit mollitia voluptatem consectetur natus vero eveniet ut aut.","Slacks","663"
"132","Chanel Hat","Animi est sed commodi voluptates praesentium dolores possimus laborum.","Nulla fugit quos. Repellat asperiores aperiam. Quibusdam quaerat qui nostrum voluptatem minima et quia illo voluptas. Quae alias ut voluptatem rem ratione voluptatem. Vero in omnis error est eius optio ipsam sit. Omnis explicabo placeat culpa voluptatem fugiat.","Hat","824"
"133","Tyrique 300 Trousers","Reiciendis placeat velit aut placeat veritatis aut non.","Aspernatur quod corporis aperiam a ab doloribus consectetur et quo. Et fugit autem quam assumenda hic. Quas est itaque quia fugiat.","Trousers","251"
"134","Bradly Sweatpants","Dolores quaerat eum qui impedit eius enim tenetur.","Similique qui beatae dolorem. Dolor qui modi reiciendis voluptatem. Et sit non est ab expedita vel. Quos eum dolore sed ipsum qui. Molestiae natus dolores rem et.","Sweatpants","756"
"135","Elwyn Shoes","Debitis quia ipsum voluptatem non deserunt sed officiis.","Sint pariatur laborum laudantium. Saepe quidem animi consequatur minus impedit odio ut. Dolorem iusto quo totam velit.","Shoes","657"
"136","Waylon Skirt","Nemo sed omnis fugit.","Quis voluptas adipisci aperiam eum quia blanditiis aspernatur dolores. Magnam explicabo ea. Aut qui velit quo.","Skirt","486"
"137","Michel Suit","Placeat eos doloribus amet vitae.","Architecto quo et. Quibusdam nobis iusto consequuntur illum maiores ut et. Qui veniam alias dicta ut occaecati earum. Omnis in ut eveniet quos.","Suit","853"
"138","Verdie Skirt","Qui quidem voluptates vel repellat.","Consequuntur sequi placeat fugiat magnam quam et. Delectus et dolores nihil incidunt non. Et magni explicabo sapiente.","Skirt","492"
"139","Rosalind Backpack","Blanditiis delectus qui dolor ea soluta id.","Molestias quae voluptate sed rem minima repellendus. Voluptatem quidem ut perferendis et dignissimos. Commodi eos natus est repellendus neque. Distinctio dicta et non. Nam architecto pariatur dolor nisi sed.","Backpack","422"
"140","Justen Tank Top","Est est et iusto assumenda aut ullam.","Voluptas non quia qui dolore. Modi labore voluptatem aliquid ea repellat earum repellendus. Voluptas assumenda quos molestias ipsum. Nisi et rerum nesciunt.","Tank Top","344"
"141","Dayana Dress","Eaque debitis et quis modi.","Laudantium velit minus et enim consectetur fugiat amet harum quod. Earum ab ea delectus esse hic nihil voluptas eaque dolorum. Libero hic iusto. Voluptatum voluptatibus at. Dicta magnam molestiae est porro eos enim saepe aliquid animi. Voluptatem omnis ipsam enim.","Dress","379"
"142","Delmer Heels","Qui adipisci aut possimus.","Iste eos aut qui voluptatem rerum mollitia. Possimus quia accusamus qui odio cupiditate. Doloribus dolorum architecto.","Heels","193"
"143","Chanel Sweatpants","Libero rerum sit eos.","Deleniti corporis delectus et molestias harum eum non. Velit soluta ullam et vitae provident iure reprehenderit omnis quia. Distinctio sunt vel quod odio.","Sweatpants","559"
"144","Name Cap","Quasi eius rerum inventore omnis et.","Unde qui quia quos dolores voluptas ut. Et non voluptates facere. Nisi quasi aut sit ea reprehenderit facilis quaerat. Ea molestiae autem voluptatem eaque nam explicabo. Deleniti quia nihil enim optio aut ut voluptas fugiat corrupti. Explicabo reiciendis est.","Cap","285"
"145","Donny Backpack","Fugiat nemo inventore.","Distinctio quod eius voluptates accusamus. Non facere commodi dolorem asperiores cum culpa modi facilis enim. Quo sed et dolor voluptates eligendi et aut voluptas blanditiis. Praesentium totam veritatis soluta sed.","Backpack","681"
"146","The Brigitte Sunglasses","Consequatur est tempora enim ut qui ratione.","Molestiae ut voluptate et vel. Doloribus est quia sed illum sint consectetur quaerat qui atque. Aliquam est explicabo at. Harum libero voluptas qui sunt ullam et.","Sunglasses","158"
"147","Mozell Sweater","Quis eum et veniam molestiae.","Ut sint natus cum magni necessitatibus numquam rerum beatae. Minima omnis deserunt. Debitis cum ipsum necessitatibus rerum.","Sweater","388"
"148","Isabell Sweater","Reprehenderit enim aperiam.","Quas cum dolorem. Illo totam ipsum debitis ut quisquam corporis. Et accusamus rem consequatur dignissimos debitis iusto.","Sweater","923"
"149","Edgardo 1500 Boots","Doloribus a eius quia labore eum magni.","Non tenetur sit non quaerat. Saepe nihil suscipit tempore quis rerum. Sequi quod voluptatem hic sed itaque voluptatem aut mollitia. Sed minus reiciendis dolorum pariatur est odio dolorum minus occaecati. Nostrum architecto et et hic ratione.","Boots","536"
"150","Rollin Dress","Eum a pariatur.","Sunt enim et cum excepturi sint. Ipsam iste deleniti et aliquam nisi eligendi harum. Sed aliquid est aut sint voluptas quam nobis quaerat quasi.","Dress","18"
